item,qty,spec,supplier,unit_cost_usd,make_buy,notes
1 Suspension wire rope and hanger,1,"6 mm galvanized 7x19 steel wire rope, 7 m (6.6 m hung length plus clip tails), with thimble, two wire rope clips and a shackle to the bin's existing center cable hanger; minimum breaking load about 20 kN",Farm or hardware supplier (rigging aisle),15.00,buy,Indicative retail price; hang only from a hanger the bin maker rates for cable loads (GGD-CAL-001 section F)
2a Sensor pods with SHT45 (bottom and top),2,"Sensirion SHT45 temperature and RH sensor behind a PTFE membrane, small bus microcontroller and RS-485 transceiver, potted in a 76 mm diameter by 140 mm pod with a clamp collar on the rope",Electronics distributor (Digi-Key or Mouser class) plus printed pod body,10.00,make,Indicative per pod; bottom and top pods keep the SHT45 because spoilage starts at the floor and the surface (GGD-DDR-001 D1); conformal coat against phosphine (open)
2b Sensor pods with SHT40 (middle four),4,"As item 2a with a Sensirion SHT40 (±1.8 % RH typical) in place of the SHT45",Electronics distributor (Digi-Key or Mouser class) plus printed pod body,6.50,make,Indicative per pod; cost trim under GGD-DDR-001 D1; R2 margin checked in GGD-CAL-001 section B
3 Bus cable,1,"4-core shielded outdoor cable, 16 m (14.6 m route from the model plus 10 %), UV-rated jacket, cable gland at the peak cap and stainless clips",Electrical supplier,18.00,buy,Indicative price; carries 12 V and RS-485 only
4 Controller enclosure,1,"IP66 polycarbonate box about 280 x 230 x 130 mm with mounting plate, cable glands and a breather vent",Electrical supplier,12.00,buy,Indicative price; smaller box than at TRL 2 (GGD-DDR-001 D1); holds items 5 to 7
5 LoRa microcontroller and bus board,1,"915 MHz LoRa module (nRF52840 plus SX1262 class), RS-485 transceiver, 12 V to 3.3 V buck, 12 V output to the relay signal line",Electronics distributor,30.00,buy,Indicative price; 868 MHz variant outside the Americas
6 Battery,1,"12 V 7 Ah sealed AGM lead-acid, 151 x 65 x 98 mm",Battery or hardware supplier,20.00,buy,Indicative price; AGM because it accepts charge below 0 °C (GGD-DDR-001 D8); capacity choice open (R8)
7 Solar charge controller,1,"12 V PWM, 5 to 10 A, battery temperature compensation clamped at 15.0 V, low-voltage disconnect, self-consumption 6 mA or less",Solar supplier,10.00,buy,Indicative price; the 15.0 V clamp keeps R12 met in the cold (GGD-CAL-001 section D)
8 Solar panel,1,"10 W monocrystalline, about 350 x 250 x 25 mm, tilted 45 degrees",Solar supplier,18.00,buy,Indicative price
9 Ambient T and RH sensor,1,"Sensirion SHT45 pod in a louvered radiation shield (six 150 mm plates) on a 330 mm arm, 1.8 m above the pad on the shaded side",Electronics distributor plus printed or bought shield,18.00,make,Indicative price
10 Mast and brackets,1,"DN25 (1 in nominal, 33.7 x 3.2 mm) galvanized pipe, 2.3 m, 200 x 200 x 10 mm base plate anchored to the pad, one stay to a bin wall stiffener, U-bolts",Farm or hardware supplier,15.00,buy,Indicative price; no drilling of bin sheets
11 Interposing relay kit,1,"DIN-rail 24 V DC supply, 24 V relay driven through an optically isolated 12 V input drawing 3 mA or less (2.5 kV isolation or more), hand-off-auto selector and split-core current transformer on one fan lead, in the fan starter or a small adjacent box, plus signal cable to the controller",Electrical supplier,35.00,buy,Indicative price; installed by a licensed electrician; the only mains-connected item; the 3 mA input keeps R8 autonomy met (GGD-CAL-001 section D)
12 Farmhouse receiver,1,"ESP32 plus LoRa board with small display and Wi-Fi, USB supply",Electronics distributor,22.00,buy,Indicative price; one per farm serves several bins; costed per farm and excluded from the per-bin total (GGD-DDR-001 D1)
13 Hardware and consumables,1,"Cable ties, anchors, sealant, heat-shrink, conformal coating",Hardware supplier,10.00,buy,Indicative price
14 Plenum temperature probe (option),1,"Waterproof DS18B20 temperature probe, 6 mm stainless sheath, 3 m lead, 6 m 3-core extension to the controller, M12 gland in the top of the fan transition downstream of the fan",Electronics distributor plus electrical supplier,9.50,buy,Priced option under GGD-DDR-001 D9; not in the per-bin total because it takes the kit over $250 (GGD-CAL-001 section H); adopting it is proposed and awaiting Amish
